title,link
Shattering the Perceived Barriers Between Science and Art,https://www.comebebrainy.com/blog/2024/5/7/shattering-the-perceived-barriers-between-science-and-art
Shattering the Perceived Barriers Between Science and Art,https://www.comebebrainy.com/blog/2024/5/7/shattering-the-perceived-barriers-between-science-and-art
Shattering the Perceived Barriers Between Science and Art,https://www.comebebrainy.com/blog/2024/5/7/shattering-the-perceived-barriers-between-science-and-art
Shattering the Perceived Barriers Between Science and Art,https://www.comebebrainy.com/blog/2024/5/7/shattering-the-perceived-barriers-between-science-and-art
Shattering the Perceived Barriers Between Science and Art,https://www.comebebrainy.com/blog/2024/5/7/shattering-the-perceived-barriers-between-science-and-art
Shattering the Perceived Barriers Between Science and Art,https://www.comebebrainy.com/blog/2024/5/7/shattering-the-perceived-barriers-between-science-and-art
Shattering the Perceived Barriers Between Science and Art,https://www.comebebrainy.com/blog/2024/5/7/shattering-the-perceived-barriers-between-science-and-art
Shattering the Perceived Barriers Between Science and Art,https://www.comebebrainy.com/blog/2024/5/7/shattering-the-perceived-barriers-between-science-and-art
Shattering the Perceived Barriers Between Science and Art,https://www.comebebrainy.com/blog/2024/5/7/shattering-the-perceived-barriers-between-science-and-art
Shattering the Perceived Barriers Between Science and Art,https://www.comebebrainy.com/blog/2024/5/7/shattering-the-perceived-barriers-between-science-and-art
Shattering the Perceived Barriers Between Science and Art,https://www.comebebrainy.com/blog/2024/5/7/shattering-the-perceived-barriers-between-science-and-art
Shattering the Perceived Barriers Between Science and Art,https://www.comebebrainy.com/blog/2024/5/7/shattering-the-perceived-barriers-between-science-and-art
Shattering the Perceived Barriers Between Science and Art,https://www.comebebrainy.com/blog/2024/5/7/shattering-the-perceived-barriers-between-science-and-art
Shattering the Perceived Barriers Between Science and Art,https://www.comebebrainy.com/blog/2024/5/7/shattering-the-perceived-barriers-between-science-and-art
Shattering the Perceived Barriers Between Science and Art,https://www.comebebrainy.com/blog/2024/5/7/shattering-the-perceived-barriers-between-science-and-art
Shattering the Perceived Barriers Between Science and Art,https://www.comebebrainy.com/blog/2024/5/7/shattering-the-perceived-barriers-between-science-and-art
Shattering the Perceived Barriers Between Science and Art,https://www.comebebrainy.com/blog/2024/5/7/shattering-the-perceived-barriers-between-science-and-art
Shattering the Perceived Barriers Between Science and Art,https://www.comebebrainy.com/blog/2024/5/7/shattering-the-perceived-barriers-between-science-and-art
Shattering the Perceived Barriers Between Science and Art,https://www.comebebrainy.com/blog/2024/5/7/shattering-the-perceived-barriers-between-science-and-art
Shattering the Perceived Barriers Between Science and Art,https://www.comebebrainy.com/blog/2024/5/7/shattering-the-perceived-barriers-between-science-and-art
Shattering the Perceived Barriers Between Science and Art,https://www.comebebrainy.com/blog/2024/5/7/shattering-the-perceived-barriers-between-science-and-art